Designator,Comment,Layer,Footprint,Center-X(mm),Center-Y(mm),Rotation,Description,Manufacturer Part Number 1,Side 
B1,PTS810 SJK 250 SMTR LFS,TopLayer,PTS810_SJK_250_SMTR_LFS,18.25,34.75,0,SWITCH TACTILE SPST-NO 0.05A 16V Tactile Switch SPST-NO Top Actuated Surface Mount,PTS810SJK250SMTRLFS,Top
C1,100nF 16V,TopLayer,CAPC0603(1608)100_N,15.75,66.5836,180,CAP 100nF 16V ±10% 0603 (1608 Metric) Thickness 1mm SMD,CC0603KRX7R7BB104,Top
C2,10nF 16V,TopLayer,CAPC0603(1608)100_N,7.25,71.874,270,CAP 10nF 16V ±10% 0603 (1608 Metric) Thickness 1mm SMD,CC0603KRX7R7BB103,Top
C3,100nF 16V,TopLayer,CAPC0603(1608)100_N,9.9929,62.1,180,CAP 100nF 16V ±10% 0603 (1608 Metric) Thickness 1mm SMD,CC0603KRX7R7BB104,Top
C4,4.7uF 16V,TopLayer,CAPC0805(2012)145_N,9.9929,60.1,180,CAP 4.7uF 16V -20% to +80% 0805 (2012 Metric) Thickness 1.45mm SMD,CC0805ZKY5V7BB475,Top
C5,47pF 16V,TopLayer,CAPC0603(1608)100_N,7.75,69.5,0,CAP 47pF 16V ±0.5pF 0603 (1608 Metric) Thickness 1mm SMD,C0603C470J4GACTU,Top
C6,47pF 16V,TopLayer,CAPC0603(1608)100_N,14.3715,69.7712,180,CAP 47pF 16V ±0.5pF 0603 (1608 Metric) Thickness 1mm SMD,C0603C470J4GACTU,Top
C7,100nF 16V,TopLayer,CAPC0603(1608)100_N,13.5339,61.25,90,CAP 100nF 16V ±10% 0603 (1608 Metric) Thickness 1mm SMD,CC0603KRX7R7BB104,Top
C8,Capacitor_10uF,TopLayer,Capacitor_10uF,37,9.75,90,0805 35 V 10 uF ±10% Tolerance X5R Multilayer Ceramic Capacitor,GRM21BR6YA106KE43L,Top
C9,Capacitor2_0.1uF,TopLayer,Capacitor2_0.1uF,17.1,17.873,0,Cap Ceramic 0.1uF 16V X5R 10% SMD 0402 85°C Paper T/R,C0402C104K4PACTU,Top
C10,10uF 16V,TopLayer,CAPC0805(2012)145_N,11.7445,34.25,0,CAP 10uF 16V ±10% 0805 (2012 Metric) Thickness 1.45mm SMD,CC0805KKX7R5BB106,Top
C11,CAP 10uF 16V 0805(2012),TopLayer,CAPC0805(2012)145_N,11.7445,32,0,CAP 10uF 16V ±10% 0805 (2012 Metric) Thickness 1.45mm SMD,CC0805KKX7R5BB106,Top
C12,1uF 16V,TopLayer,CAPC0603(1608)100_N,25.25,34.75,270,CAP 1uF 16V ±5% 0603 (1608 Metric) Thickness 1mm SMD,CC0603JRX7R7BB105,Top
C13,18pF 16V,TopLayer,CAPC0603(1608)100_N,37.9405,48.25,180,CAP 18pF 16V ±5% 0603 (1608 Metric) Thickness 1mm SMD,C0603C180J4GACTU,Top
C14,18pF 16V,TopLayer,CAPC0603(1608)100_N,37.9405,50.75,180,CAP 18pF 16V ±5% 0603 (1608 Metric) Thickness 1mm SMD,C0603C180J4GACTU,Top
C15,CAP 100nF 16V 0603(1608),TopLayer,CAPC0603(1608)100_N,34.75,69.25,90,CAP 100nF 16V ±10% 0603 (1608 Metric) Thickness 1mm SMD,CC0603KRX7R7BB104,Top
C16,Capacitor_100pF,TopLayer,FP-CC0805-0_1-0_7-IPC_A,69.8027,61.1125,0,CAP CER 100PF 50V C0G/NPO 0805,CC0805JRNPO9BN101,Top
C17,Capacitor 150uF,TopLayer,Capacitor_150uF,75.381,59.5212,90,Multilayer Ceramic Capacitor 150uF 4V 20% 1210 Emboss T/R,AMK325ABJ157MM-P,Top
C18,Capacitor2_0.1uF,TopLayer,Capacitor2_0.1uF,57.25,59.877,180,Cap Ceramic 0.1uF 16V X5R 10% SMD 0402 85°C Paper T/R,C0402C104K4PACTU,Top
C19,Capacitor_180uF,TopLayer,Capacitor_180uF,54.942,69.5,270,Cap Aluminum Polymer 180uF 20VDC 20%( 8 X 6.9mm) SMD 0.025 Ohm 3200mA 5000h 105C T/R,16SVPF180M,Top
C20,Capacitor_33nF,TopLayer,Capacitor_33nF,54.815,55.6577,270,TDK - CGA4J2C0G1H333J125AA. - CAP 0.033UF 50V C0G +/-5% SMD 0805,CGA4J2C0G1H333J125AA,Top
C21,Capacitor_1.5nF,TopLayer,Capacitor_1.5nF,52.5443,55.6577,270,,C2012C0G1H152J060AA,Top
C22,Capacitor2_0.1uF,TopLayer,Capacitor2_0.1uF,34.877,9.5,90,Cap Ceramic 0.1uF 16V X5R 10% SMD 0402 85°C Paper T/R,C0402C104K4PACTU,Top
C23,Capacitor_100uF,TopLayer,Capacitor_100uF,44.663,20.1801,270,Cap Tant Solid 100uF 10V D CASE 20% (7.3 X 4.3 X 2.8mm) Inward L SMD 7343-31 0.1 Ohm 125C T/R,593D107X0010D2TE3,Top
C24,1uF 16V,TopLayer,CAPC0603(1608)100_N,28.873,58.675,90,CAP 1uF 16V ±5% 0603 (1608 Metric) Thickness 1mm SMD,CC0603JRX7R7BB105,Top
C25,4.7uF 16V,TopLayer,CAPC0805(2012)145_N,24.75,57,180,CAP 4.7uF 16V -20% to +80% 0805 (2012 Metric) Thickness 1.45mm SMD,CC0805ZKY5V7BB475,Top
C26,4.7uF 16V,TopLayer,CAPC0805(2012)145_N,34.25,63.75,0,CAP 4.7uF 16V -20% to +80% 0805 (2012 Metric) Thickness 1.45mm SMD,CC0805ZKY5V7BB475,Top
C27,Capacitor_0.1uF,TopLayer,FP-C0805C-DN-MFG,48.5,22.595,270,CAP CER 0.1UF 50V X7R 0805,CC0805MRY5V9BB104,Top
C28,Capacitor_1uF,TopLayer,FP-C0603-CG-MFG,70.5242,26.435,90,CAP CER 1UF 10V Y5V 0603,C0603C105Z8VACTU,Top
C29,Capacitor_0.1uF,TopLayer,Capacitor_0.1uF,61.54,26.5,90,Cap Ceramic 0.1uF 25V X7R 5% SMD 0805 FlexiTerm 125°C Paper T/R,08053C104JAZ2A,Top
C30,6TPF220M9L,TopLayer,CAP_6TPF220M9L,67.7742,19.4571,270,,6TPF220M9L,Top
C31,Capacitor_0.47uF,TopLayer,FP-GRM15-0_1-MFG,74.54,19.0571,270,CAP CER 0.47UF 10V X5R 0402,GRM155R61A474KE15D,Top
C32,Capacitor_0.47uF,TopLayer,FP-GRM15-0_1-MFG,72.79,19.0571,270,CAP CER 0.47UF 10V X5R 0402,GRM155R61A474KE15D,Top
C33,Capacitor_150pF,TopLayer,FP-CL21-IPC_B,64.29,26.4242,90,CL21 Series 0805 150pF 50V ±5% Tolerance C0G Multilayer Ceramic Chip Capacitor,CL21C151JBANNNC,Top
C34,Capacitor_1uF,TopLayer,FP-C0603-CG-MFG,64.29,17.925,270,CAP CER 1UF 10V Y5V 0603,C0603C105Z8VACTU,Top
C35,Capacitor_100pF,TopLayer,FP-CL21-IPC_C,50.5,17.275,180,CL21 Series 0805 100pF 50V ±5% Tolerance C0G Multilayer Ceramic Chip Capacitor,CL21C101JBANNNC,Top
C36,Capacitor_0.022uF,TopLayer,FP-C2012-125-0_2-IPC_C,50.5,14.76,180,CAP CER 0.022UF 50V C0G 0805,C2012C0G1H223J125AA,Top
C37,Capacitor_15nF,TopLayer,FP-CGA4J-IPC_B,56.9343,26.9066,90,Cap Ceramic 15nF 50V C0G 5% Pad SMD 0805 +125°C Automotive T/R,CGA4F2C0G1H153J085AA,Top
D1,"PRTR5V0U2X,215",TopLayer,NXP-SOT143B-4_V,11.0205,72.2358,180,"Ultra Low Capacitance Double Rail-to-Rail ESD Protection Diode, 5.5 V, 1 pF, -40 to 85 degC, 4-Pin SOT143B, RoHS, Tape and Reel","PRTR5V0U2X,215",Top
D2,Schottkey_Diode_20V_4A,TopLayer,Schottkey_Diode_20V_4A,63.6495,73.1025,0,SL42 Series 20 V 2 A Surface Mount Schottky Barrier Rectifier - DO-214AB (SMC),SL42-E3/57T,Top
D3,LTST-C170CKT,TopLayer,LTST-C170CKT_V,22,57.7,90,"LED Uni-Color Red, 100 mW, 200 mA, -55 to 85 degC, 2-Pin SMD, RoHS, Tape and Reel",LTST-C230EKT,Top
D4,LTST-C170GKT,TopLayer,LTST-C170GKT_V,31.25,68.6228,180,"LED Uni-Color Green, 100 mW, 120 mA, -55 to 85 degC, 2-Pin SMD, RoHS, Tape and Reel",LTST-C170GKT,Top
D5,LTST-C170CKT,TopLayer,LTST-C170CKT_V,4.75,66.5836,90,"LED Uni-Color Red, 100 mW, 200 mA, -55 to 85 degC, 2-Pin SMD, RoHS, Tape and Reel",LTST-C230EKT,Top
D6,Schottkey_Diode_20V_4A,TopLayer,Schottkey_Diode_20V_4A,75.5021,28.0032,90,SL42 Series 20 V 2 A Surface Mount Schottky Barrier Rectifier - DO-214AB (SMC),SL42-E3/57T,Top
D7,Schottkey_Diode_20V_4A,TopLayer,Schottkey_Diode_20V_4A,45.044,31.619,270,SL42 Series 20 V 2 A Surface Mount Schottky Barrier Rectifier - DO-214AB (SMC),SL42-E3/57T,Top
DS1,LTST-C191KGKT,TopLayer,LITE-ON-LTST-C191KRKT-2_V,32,34.75,270,"Chip LED, Green, 574 nm, 40 pF, -55 to 85 degC, 2-Pin SMD, RoHS, Tape and Reel",LTST-C191KGKT,Top
FB1,BLM21PG221SN1D,TopLayer,MURA-BLM21-B20-CHIP-2_V2,2.7423,69.25,180,"Chip Ferrite Bead for Power Lines, 220 Ohm, 2000 mA, -55 to 125 degC, 2 x 1.25 x 1.05 mm SMD, Tape and Reel",MH2029-221Y,Top
J1,ZX62R-B-5P,TopLayer,HIRO-ZX62R-B-5P_V,11.1654,76.8285,180,"Connector; USBMicro-B,Reverse type, SMT; 5 Position; Right Angle",ZX62R-B-5P(30),Top
L1,Inductor_4.7uH,TopLayer,FP-IHLP-2525EZ-FP_2_413x3-MFG,63.5551,66.2917,0,"Commercial Inductors, High Saturation Series 4.7uH 6.5A 30.3mO 20%",IHLP2525EZER4R7M01,Top
L2,Inductor_10uH,TopLayer,Inductor_10uH,57.5881,35.977,90,Inductor Power Semi-Shielded Wirewound 10uH 20% 100KHz 17Q-Factor Ferrite 2.5A 58.6mOhm DCR T/R,SRN6045-100M,Top
P1,640456-3,TopLayer,TECO-640456-3,24.892,76.134,180,"Male Header, Pitch 2.54 mm, 1 x 3 Position, Height 10.03 mm, Tail Length 3.56 mm, -55 to 105 degC",640456-3,Top
P2,640456-3,TopLayer,TECO-640456-3,59,5,0,"Male Header, Pitch 2.54 mm, 1 x 3 Position, Height 10.03 mm, Tail Length 3.56 mm, -55 to 105 degC",640456-3,Top
P3,640456-3,TopLayer,TECO-640456-3,49.25,5.123,0,"Male Header, Pitch 2.54 mm, 1 x 3 Position, Height 10.03 mm, Tail Length 3.56 mm, -55 to 105 degC",640456-3,Top
P4,640456-6,TopLayer,TECO-640456-6_V,31.06,5,180,"Male Header, Pitch 2.54 mm, 1 x 6 Position, Height 10.03 mm, Tail Length 3.56 mm, -55 to 105 degC, Bulk",640456-6,Top
P6,640456-3,TopLayer,TECO-640456-3,12.75,6,0,"Male Header, Pitch 2.54 mm, 1 x 3 Position, Height 10.03 mm, Tail Length 3.56 mm, -55 to 105 degC",640456-3,Top
Q1,MOSFET_2,TopLayer,MOSFET_2,44.9895,40.2043,90,"25-V, N channel NexFET™ power MOSFET, single SON 5 mm x 6 mm, 5.5 mOhm 8-VSONP -55 to 150",CSD16342Q5A,Top
Q2,MOSFET_1,TopLayer,INF-PG-TDSON-8-1_V,66.8357,40.5056,270,"N-Channel OptiMOS 2 Power-Transistor, 20 V VDS, 80 A ID, -55 to 150 degC, PG-TDSON-8-1, Reel, Green",BSC046N02KSG,Top
R1,27R 1%,TopLayer,RESC0603(1608)_N,10.2616,68.9712,270,27R 0.1W 1% 0603 (1608 Metric)  SMD,RC0603FR-0727RL,Top
R2,27R 1%,TopLayer,RESC0603(1608)_N,11.9126,68.9712,270,27R 0.1W 1% 0603 (1608 Metric)  SMD,RC0603FR-0727RL,Top
R3,1K 1%,TopLayer,RESC0603(1608)_N,14.3034,58.5,0,1K 0.1W 1% 0603 (1608 Metric)  SMD,RC0603FR-071KL,Top
R4,Jumper,TopLayer,RESC0603(1608)_N,15.75,64.9396,0,Jumper 0603 (1608 Metric),CR0603-J/-000ELF,Top
R5,1K 1%,TopLayer,RESC0603(1608)_N,15.5534,61.25,90,1K 0.1W 1% 0603 (1608 Metric)  SMD,RC0603FR-071KL,Top
R6,1K 1%,TopLayer,RESC0603(1608)_N,37.9405,57.875,90,1K 0.1W 1% 0603 (1608 Metric)  SMD,RC0603FR-071KL,Top
R7,1K 1%,TopLayer,RESC0603(1608)_N,35,35.35,180,1K 0.1W 1% 0603 (1608 Metric)  SMD,RC0603FR-071KL,Top
R8,27R 1%,TopLayer,RESC0603(1608)_N,18.5,27.5,0,27R 0.1W 1% 0603 (1608 Metric)  SMD,RC0603FR-0727RL,Top
R9,27R 1%,TopLayer,RESC0603(1608)_N,23.5,27.5,0,27R 0.1W 1% 0603 (1608 Metric)  SMD,RC0603FR-0727RL,Top
R10,27R 1%,TopLayer,RESC0603(1608)_N,28.377,27.5,0,27R 0.1W 1% 0603 (1608 Metric)  SMD,RC0603FR-0727RL,Top
R11,10K 1%,TopLayer,RESC0603(1608)_N,29.5,34.5,90,10K 0.1W 1% 0603 (1608 Metric)  SMD,CR0603-FX-1002ELF,Top
R12,100R 1%,TopLayer,RESC0603(1608)_N,22.2,34.75,270,100R 0.1W 1% 0603 (1608 Metric)  SMD,CR0603-FX-1000ELF,Top
R13,10K 1% 0603(1608),TopLayer,RESC0603(1608)_N,42.25,61.4445,270,10K 0.1W 1% 0603 (1608 Metric)  SMD,CR0603-FX-1002ELF,Top
R14,10K 1% 0603(1608),TopLayer,RESC0603(1608)_N,34.75,76.134,90,10K 0.1W 1% 0603 (1608 Metric)  SMD,CR0603-FX-1002ELF,Top
R15,Resistor_976ohms,TopLayer,RESC1609X50X30LL10T20,58.1631,50.0512,180,"976 Ohms ±1% 0.1W, 1/10W Chip Resistor 0603 (1608 Metric) Automotive AEC-Q200 Thick Film",CRCW0603976RFKEA,Top
R16,Resistor_8.45k,TopLayer,RESC1005X40X25LL05T05,58.3988,48.75,180,"8.45 kOhms ±1% 0.063W, 1/16W Chip Resistor 0402 (1005 Metric) Automotive AEC-Q200 Thick Film",CRCW04028K45FKED,Top
R17,Resistor_26.1k,TopLayer,RESC1005X40X25LL05T05,66.6742,51.25,0,"26.1 kOhms ±1% 0.063W, 1/16W Chip Resistor 0402 (1005 Metric) Automotive AEC-Q200 Thick Film",CRCW040226K1FKED,Top
R18,1K 1%,TopLayer,RESC0603(1608)_N,24.9445,65.2336,180,1K 0.1W 1% 0603 (1608 Metric)  SMD,RC0603FR-071KL,Top
R19,1K 1%,TopLayer,RESC0603(1608)_N,28.5445,67.8228,90,1K 0.1W 1% 0603 (1608 Metric)  SMD,RC0603FR-071KL,Top
R20,1K13 1%,TopLayer,RESC0603(1608)_N,24,63.5,0,1K13 0.1W 1% 0603 (1608 Metric)  SMD,RC0603FR-071K13L,Top
R21,1K13 1%,TopLayer,RESC0603(1608)_N,30.9942,58.75,90,1K13 0.1W 1% 0603 (1608 Metric)  SMD,RC0603FR-071K13L,Top
R22,Jumper,TopLayer,RESC0603(1608)_N,75.9331,51.723,270,Jumper 0603 (1608 Metric),CR0603-J/-000ELF,Top
R23,Jumper,TopLayer,RESC0805(2012)_N,34.5,58,0,Jumper 0805 (2012 Metric),RC0805JR-070RL,Top
R24,Jumper,TopLayer,RESC0603(1608)_N,74.79,11.26,180,Jumper 0603 (1608 Metric),CR0603-J/-000ELF,Top
R25,Resistor_1k,TopLayer,Resistor_1k,59.127,10.4,270,Res Thick Film 0603 1K Ohm 1% 0.1W(1/10W) ±100ppm/C Pad SMD Automotive T/R,RMCF0603FT1K00,Top
R26,Resistor_1k,TopLayer,Resistor_1k,49.377,10.5,270,Res Thick Film 0603 1K Ohm 1% 0.1W(1/10W) ±100ppm/C Pad SMD Automotive T/R,RMCF0603FT1K00,Top
R27,Resistor_10k,TopLayer,Resistor_10k,20.623,16.435,90,Res Thin Film 0805 10K Ohm 1% 1/10W ±50ppm/°C Molded SMD SMD Paper T/R,8-1879343-8,Top
R28,Resistor_10k,TopLayer,Resistor_10k,13.123,16.5,90,Res Thin Film 0805 10K Ohm 1% 1/10W ±50ppm/°C Molded SMD SMD Paper T/R,8-1879343-8,Top
R29,Resistor_10k,TopLayer,Resistor_10k,25.873,9.75,90,Res Thin Film 0805 10K Ohm 1% 1/10W ±50ppm/°C Molded SMD SMD Paper T/R,8-1879343-8,Top
R30,Resistor_2.2k,TopLayer,Resistor_2.2k,30.877,9.75,90,Res Thick Film 0805 2.2K Ohm 5% 1/3W ±100ppm/°C Molded SMD SMD T/R,8-1879377-2,Top
R31,Resistor_2.2k,TopLayer,Resistor_2.2k,28.377,9.75,90,Res Thick Film 0805 2.2K Ohm 5% 1/3W ±100ppm/°C Molded SMD SMD T/R,8-1879377-2,Top
R32,Resistor_10ohm,TopLayer,Resistor_10ohm,33,9.752,90,RES TF 1/10W 10 OHM 1% 0603,RT0603DRE0710RL,Top
R33,Resistor_0.01_OHM,TopLayer,FP-CSR1206-MFG,53,60.8987,0,RES 0.01 OHM 1% 1/2W 1206,CSR1206FK10L0,Top
R34,Resistor_10ohm,TopLayer,Resistor_10ohm,72.37,55.5942,270,RES TF 1/10W 10 OHM 1% 0603,RT0603DRE0710RL,Top
R35,Resistor_29.4k,TopLayer,Resistor_29.4k,11.5465,11.877,270,Res Thick Film 0402 29.4K Ohm 1% 0.063W ±100ppm/°C Molded SMD Paper T/R,RMCF0402FT29K4,Top
R36,Resistor_11.5k,TopLayer,Resistor_11.5k,13.5,11.752,90,Res 11.5K Ohm 0.5% 1/10W 0603,RMCF0603FT11K5,Top
R37,Resistor_3.74k,TopLayer,Resistor_3.74k,58.25,51.723,180,Res Thick Film 0603 3.74K Ohm 1% 1/10W ±100ppm/°C Molded SMD Paper T/R,RC0603FR-073K74L,Top
R38,Resistor_5.76k,TopLayer,RESC1608X55X25ML10T15,53.2688,26.85,90,RES 5.76K OHM 1% 1/10W 0603,RC0603FR-075K76L,Top
R39,Resistor_1MOhm,TopLayer,RESC1608X55X25LL10T15,55,26.9066,90,"Chip Resistor, 1 MOhm, +/- 1%, 100 mW, -55 to 155 degC, 0603 (1608 Metric), RoHS, Tape and Reel",RC0603FR-071ML,Top
R40,Resistor_18.7k,TopLayer,FP-AC0402-MFG,51.2258,19.4571,0,RES SMD 18.7K OHM 1% 1/16W 0402,AC0402FR-0718K7L,Top
R41,Resistor_23.7k,TopLayer,FP-AC0402-MFG,59,26.2566,270,RES SMD 23.7K OHM 1% 1/16W 0402,AC0402FR-0723K7L,Top
R42,Resistor_50mohms,TopLayer,Resistor_50mohms,49.5,27.0124,90,Res Thick Film 0805 50m Ohm 1% 1/4W ±100ppm/°C Molded SMD T/R,CRM0805-FW-R050ELF,Top
R43,Resistor_4.99k,TopLayer,Resistor_4.99k,51.4176,27,90,Res General Purpose Thick Film 0603 4.99k Ohm 1% 1/10W ±100ppm/°C Molded Paper T/R,RC0603FR-074K99L,Top
R44,Resistor_1k,TopLayer,RESC1608X55X25NL10T15,66.5,26.75,90,"Chip Resistor, 1 KOhm, +/-1%, 0.1 W, -55 to 155 degC, 0603 (1608 Metric), RoHS, Tape and Reel",RC0603FR-071KL,Top
R45,Resistor_1.69k,TopLayer,RESC1609X50X30ML10T20,68.393,26.435,270,RES SMD 1.69K OHM 1% 1/10W 0603,CRCW06031K69FKEA,Top
SD1,104031-0811,TopLayer,MOLX-104031-0811_V,43.688,72.832,180,"Micro SD Card, RA, -25 to 85 degC, 8-Pin SMD, RoHS, Tape and Reel",1040310811,Top
U1,FT234XD-R,TopLayer,DFN-12_V,11.0452,65.4586,0,"FT234XD USB to BASIC UART IC, -40 to +85 degC, 12-Pin DFN, Pb-Free, Tape and Reel",FT234XD-R,Top
U2,LM5118MH/NOPB,TopLayer,MXA20A_L,57.5881,18.25,0,"Wide Voltage Range Buck-Boost Controller, 20-pin TSSOP-EP, Pb-Free",LM5118MH/NOPB,Top
U3,20021111-00010T4LF,TopLayer,20021111-00010T4LF,35.615,40.52,270,CONN HEADER 10POS UNSHD VERT T/H,20021111-00010T4LF,Top
U4,SAMW25H18-MR510PB,TopLayer,SAMW25H18-MR510PB,20.265,45,180,RF TXRX MODULE WIFI TRACE ANT,ATSAMW25H18-MR510PB,Top
U5,SHTC3,TopLayer,FP-SHTC3-MFG,17.175,15.5,0,SENSOR HUMI/TEMP I2C 2% SMD,SHTC3,Top
U6,BQ24075RGTRG4,TopLayer,RGT16-1700X1700TP,28.75,64,180,"USB-Friendly Li-Ion Battery Charger and Power-Path Management IC, Vout 5.5 V, 4.3 V, -40 to 85 degC, 16-pin QFN (RGT), Green (RoHS & no Sb/Br)",BQ24079RGTT,Top
U7,LM3488MM/NOPB,TopLayer,Boost_Converter_Footprint,62.2455,55.8092,180,LM3488MM/NOPB,LM3488MM/NOPB,Top
U8,MOSFET,TopLayer,MOSFET,62.1705,59.8,90,"N?? VDS=30V VGS=+10V,-8V ID=14A P=2.7W",CSD17308Q3,Top
X1,ABS07-32.768KHz-T,TopLayer,ABRA-ABS07-2_V,35,49.5,90,"Crystal, 32.768 kHz, 12.5 pF, -40 to 85 degC, SMD Low Profile 3.2 x 1.5 x 0.9 mm, Tape and Reel",ABS07-32.768KHZ-T,Top
